Trigger,Method,mae,rmse,p95_abs_err,inband_frac,upper_viol_frac,lower_viol_frac,viol_mag,cut_TV,cut_step_rms,cut_step_max,tt_inband,aa_inband,score_50_50,score_80_AA
HT,Constant,0.17902794153038365,0.18696110862092982,0.236,0.010752688172043012,0.005376344086021506,0.9838709677419355,0.15918923185296427,0.0,0.0,0.0,94.50714589168788,18.503579657321836,56.50536277450486,33.70429290419505
HT,PD,0.030480080620168645,0.038037537737322574,0.066,0.3763440860215054,0.03763440860215054,0.5752688172043011,0.013920940835222405,181.27532483729797,1.22867801891469,5.025324837297902,97.89427517875468,25.03801233158407,61.46614375516939,39.6092649010182
HT,DQN,0.01777888168044188,0.023234445001709004,0.04799999999999999,0.6559139784946236,0.10215053763440861,0.22580645161290322,0.0048433978094741354,594.0,4.041674793341881,10.0,97.97448123455285,25.59368205965216,61.784081647102504,40.069841894632305
AS,Constant,0.16389315389347575,0.17023316199167127,0.216,0.016129032258064516,0.0,0.9838709677419355,0.1441082076569166,0.0,0.0,0.0,90.20242532211189,17.09819693159758,53.65031112685474,31.71904260970044
AS,PD,0.03375957321832329,0.04086137286566447,0.07199999999999998,0.3225806451612903,0.026881720430107527,0.6451612903225806,0.0170391431107964,94.0692092791221,0.614511572757291,1.879209279121973,93.51377187418488,22.47253957837906,57.99315572628198,36.68078603754022
AS,DQN,0.016768732473147543,0.021619294778390093,0.043999999999999984,0.6559139784946236,0.21505376344086022,0.08602150537634409,0.004016044301104529,407.25,2.7254431824091547,7.5,93.87610516319342,22.662723324877206,58.26941424403531,36.90539969254044
